Target Module,Description,Origin Module,Synchronization Type
Mod895,Mod895 StartsAfterEnd Mod906,Mod906,StartsAfterEnd
Mod610,Mod610 StartsAfterEnd Mod611,Mod611,StartsAfterEnd
Mod389,Mod389 StartsAfterEnd Mod390,Mod390,StartsAfterEnd
Mod486,Mod486 StartsAfterEnd Mod493,Mod493,StartsAfterEnd
Mod559,Mod559 StartsAfterEnd Mod923,Mod923,StartsAfterEnd
Mod877,Mod877 StartsAfterEnd Mod882,Mod882,StartsAfterEnd
Mod356,Mod356 StartsAfterEnd Mod921,Mod921,StartsAfterEnd
Mod794,Mod794 StartsAfterEnd Mod956,Mod956,StartsAfterEnd
Mod531,Mod531 StartsAfterEnd Mod335,Mod335,StartsAfterEnd
Mod364,Mod364 StartsAfterEnd Mod349,Mod349,StartsAfterEnd
Mod858,Mod858 StartsAfterEnd Mod857,Mod857,StartsAfterEnd
Mod628,Mod628 StartsAfterEnd Mod671,Mod671,StartsAfterEnd
Mod900,Mod900 StartsAfterEnd Mod909,Mod909,StartsAfterEnd
Mod936,Mod936 StartsAfterEnd Mod919,Mod919,StartsAfterEnd
Mod788,Mod788 StartsAfterEnd Mod363,Mod363,StartsAfterEnd
Mod725,Mod725 StartsAfterEnd Mod754,Mod754,StartsAfterEnd
Mod740,Mod740 StartsAfterEnd Mod463,Mod463,StartsAfterEnd
Mod923,Mod923 StartsAfterEnd Mod361,Mod361,StartsAfterEnd
Mod905,Mod905 StartsAfterEnd Mod940,Mod940,StartsAfterEnd
Mod780,Mod780 StartsAfterEnd Mod784,Mod784,StartsAfterEnd
Mod587,Mod587 StartsAfterEnd Mod588,Mod588,StartsAfterEnd
Mod651,Mod651 StartsAfterEnd Mod524,Mod524,StartsAfterEnd
Mod614,Mod614 StartsAfterEnd Mod617,Mod617,StartsAfterEnd
Mod361,Mod361 StartsAfterEnd Mod853,Mod853,StartsAfterEnd
Mod531,Mod531 StartsAfterEnd Mod619,Mod619,StartsAfterEnd
Mod565,Mod565 StartsAfterEnd Mod923,Mod923,StartsAfterEnd
Mod883,Mod883 StartsAfterEnd Mod945,Mod945,StartsAfterEnd
Mod491,Mod491 StartsAfterEnd Mod431,Mod431,StartsAfterEnd
Mod592,Mod592 StartsAfterEnd Mod825,Mod825,StartsAfterEnd
Mod787,Mod787 StartsAfterEnd Mod776,Mod776,StartsAfterEnd
Mod379,Mod379 StartsAfterEnd Mod381,Mod381,StartsAfterEnd
Mod623,Mod623 StartsAfterEnd Mod671,Mod671,StartsAfterEnd
Mod413,Mod413 StartsAfterEnd Mod800,Mod800,StartsAfterEnd
Mod891,Mod891 StartsAfterEnd Mod395,Mod395,StartsAfterEnd
Mod909,Mod909 StartsAfterEnd Mod881,Mod881,StartsAfterEnd
Mod494,Mod494 StartsAfterEnd Mod671,Mod671,StartsAfterEnd
Mod754,Mod754 StartsAfterEnd Mod741,Mod741,StartsAfterEnd
Mod611,Mod611 StartsAfterEnd Mod577,Mod577,StartsAfterEnd
Mod789,Mod789 StartsAfterEnd Mod682,Mod682,StartsAfterEnd
Mod561,Mod561 StartsAfterEnd Mod352,Mod352,StartsAfterEnd
Mod877,Mod877 StartsAfterEnd Mod910,Mod910,StartsAfterEnd
Mod349,Mod349 StartsAfterEnd Mod915,Mod915,StartsAfterEnd
Mod487,Mod487 StartsAfterEnd Mod492,Mod492,StartsAfterEnd
Mod925,Mod925 StartsAfterEnd Mod868,Mod868,StartsAfterEnd
Mod384,Mod384 StartsAfterEnd Mod514,Mod514,StartsAfterEnd
Mod598,Mod598 StartsAfterEnd Mod607,Mod607,StartsAfterEnd
Mod711,Mod711 StartsAfterEnd Mod689,Mod689,StartsAfterEnd
Mod487,Mod487 StartsAfterEnd Mod502,Mod502,StartsAfterEnd
Mod789,Mod789 StartsAfterEnd Mod940,Mod940,StartsAfterEnd
Mod381,Mod381 StartsAfterEnd Mod395,Mod395,StartsAfterEnd
Mod568,Mod568 StartsAfterEnd Mod923,Mod923,StartsAfterEnd
Mod487,Mod487 StartsAfterEnd Mod431,Mod431,StartsAfterEnd
Mod780,Mod780 StartsAfterEnd Mod564,Mod564,StartsAfterEnd
Mod606,Mod606 StartsAfterEnd Mod603,Mod603,StartsAfterEnd
Mod894,Mod894 StartsAfterEnd Mod905,Mod905,StartsAfterEnd
Mod397,Mod397 StartsAfterEnd Mod380,Mod380,StartsAfterEnd
Mod912,Mod912 StartsAfterEnd Mod941,Mod941,StartsAfterEnd
Mod498,Mod498 StartsAfterEnd Mod760,Mod760,StartsAfterEnd
Mod471,Mod471 StartsAfterEnd Mod810,Mod810,StartsAfterEnd
Mod527,Mod527 StartsAfterEnd Mod921,Mod921,StartsAfterEnd
Mod789,Mod789 StartsAfterEnd Mod590,Mod590,StartsAfterEnd
Mod548,Mod548 StartsAfterEnd Mod946,Mod946,StartsAfterEnd
Mod624,Mod624 StartsAfterEnd Mod671,Mod671,StartsAfterEnd
Mod531,Mod531 StartsAfterEnd Mod441,Mod441,StartsAfterEnd
Mod527,Mod527 StartsAfterEnd Mod671,Mod671,StartsAfterEnd
Mod739,Mod739 StartsAfterEnd Mod738,Mod738,StartsAfterEnd
Mod501,Mod501 StartsAfterEnd Mod814,Mod814,StartsAfterEnd
Mod783,Mod783 StartsAfterEnd Mod364,Mod364,StartsAfterEnd
Mod856,Mod856 StartsAfterEnd Mod863,Mod863,StartsAfterEnd
Mod538,Mod538 StartsAfterEnd Mod760,Mod760,StartsAfterEnd
Mod941,Mod941 StartsAfterEnd Mod873,Mod873,StartsAfterEnd
Mod794,Mod794 StartsAfterEnd Mod545,Mod545,StartsAfterEnd
Mod931,Mod931 StartsAfterEnd Mod924,Mod924,StartsAfterEnd
Mod860,Mod860 StartsAfterEnd Mod916,Mod916,StartsAfterEnd
Mod353,Mod353 StartsAfterEnd Mod854,Mod854,StartsAfterEnd
Mod647,Mod647 StartsAfterEnd Mod671,Mod671,StartsAfterEnd
Mod495,Mod495 StartsAfterEnd Mod423,Mod423,StartsAfterEnd
Mod407,Mod407 StartsAfterEnd Mod479,Mod479,StartsAfterEnd
Mod753,Mod753 StartsAfterEnd Mod724,Mod724,StartsAfterEnd
Mod722,Mod722 StartsAfterEnd Mod700,Mod700,StartsAfterEnd
Mod489,Mod489 StartsAfterEnd Mod499,Mod499,StartsAfterEnd
Mod487,Mod487 StartsAfterEnd Mod436,Mod436,StartsAfterEnd
Mod883,Mod883 StartsAfterEnd Mod847,Mod847,StartsAfterEnd
Mod371,Mod371 StartsAfterEnd Mod391,Mod391,StartsAfterEnd
Mod428,Mod428 StartsAfterEnd Mod499,Mod499,StartsAfterEnd
Mod955,Mod955 StartsAfterEnd Mod951,Mod951,StartsAfterEnd
Mod593,Mod593 StartsAfterEnd Mod582,Mod582,StartsAfterEnd
Mod702,Mod702 StartsAfterEnd Mod731,Mod731,StartsAfterEnd
Mod491,Mod491 StartsAfterEnd Mod436,Mod436,StartsAfterEnd
Mod735,Mod735 StartsAfterEnd Mod626,Mod626,StartsAfterEnd
Mod476,Mod476 StartsAfterEnd Mod820,Mod820,StartsAfterEnd
Mod493,Mod493 StartsAfterEnd Mod501,Mod501,StartsAfterEnd
Mod740,Mod740 StartsAfterEnd Mod845,Mod845,StartsAfterEnd
Mod839,Mod839 StartsAfterEnd Mod671,Mod671,StartsAfterEnd
Mod531,Mod531 StartsAfterEnd Mod650,Mod650,StartsAfterEnd
Mod670,Mod670 StartsAfterEnd Mod671,Mod671,StartsAfterEnd
Mod847,Mod847 StartsAfterEnd Mod933,Mod933,StartsAfterEnd
Mod565,Mod565 StartsAfterEnd Mod352,Mod352,StartsAfterEnd
Mod728,Mod728 StartsAfterEnd Mod679,Mod679,StartsAfterEnd
Mod488,Mod488 StartsAfterEnd Mod487,Mod487,StartsAfterEnd
Mod720,Mod720 StartsAfterEnd Mod743,Mod743,StartsAfterEnd
Mod746,Mod746 StartsAfterEnd Mod701,Mod701,StartsAfterEnd
Mod638,Mod638 StartsAfterEnd Mod671,Mod671,StartsAfterEnd
Mod444,Mod444 StartsAfterEnd Mod491,Mod491,StartsAfterEnd
Mod832,Mod832 StartsAfterEnd Mod833,Mod833,StartsAfterEnd
Mod928,Mod928 StartsAfterEnd Mod868,Mod868,StartsAfterEnd
Mod531,Mod531 StartsAfterEnd Mod672,Mod672,StartsAfterEnd
Mod761,Mod761 StartsAfterEnd Mod762,Mod762,StartsAfterEnd
Mod428,Mod428 StartsAfterEnd Mod430,Mod430,StartsAfterEnd
Mod892,Mod892 StartsAfterEnd Mod396,Mod396,StartsAfterEnd
Mod900,Mod900 StartsAfterEnd Mod396,Mod396,StartsAfterEnd
Mod437,Mod437 StartsAfterEnd Mod439,Mod439,StartsAfterEnd
Mod392,Mod392 StartsAfterEnd Mod400,Mod400,StartsAfterEnd
Mod495,Mod495 StartsAfterEnd Mod421,Mod421,StartsAfterEnd
Mod788,Mod788 StartsAfterEnd Mod351,Mod351,StartsAfterEnd
Mod495,Mod495 StartsAfterEnd Mod496,Mod496,StartsAfterEnd
Mod794,Mod794 StartsAfterEnd Mod542,Mod542,StartsAfterEnd
Mod742,Mod742 StartsAfterEnd Mod751,Mod751,StartsAfterEnd
Mod860,Mod860 StartsAfterEnd Mod855,Mod855,StartsAfterEnd
Mod491,Mod491 StartsAfterEnd Mod497,Mod497,StartsAfterEnd
Mod548,Mod548 StartsAfterEnd Mod509,Mod509,StartsAfterEnd
Mod912,Mod912 StartsAfterEnd Mod939,Mod939,StartsAfterEnd
Mod741,Mod741 StartsAfterEnd Mod682,Mod682,StartsAfterEnd
Mod671,Mod671 StartsAfterEnd Mod827,Mod827,StartsAfterEnd
Mod348,Mod348 StartsAfterEnd Mod671,Mod671,StartsAfterEnd
Mod662,Mod662 StartsAfterEnd Mod671,Mod671,StartsAfterEnd
Mod856,Mod856 StartsAfterEnd Mod865,Mod865,StartsAfterEnd
Mod340,Mod340 StartsAfterEnd Mod671,Mod671,StartsAfterEnd
Mod649,Mod649 StartsAfterEnd Mod671,Mod671,StartsAfterEnd
Mod838,Mod838 StartsAfterEnd Mod836,Mod836,StartsAfterEnd
Mod569,Mod569 StartsAfterEnd Mod352,Mod352,StartsAfterEnd
Mod500,Mod500 StartsAfterEnd Mod492,Mod492,StartsAfterEnd
Mod713,Mod713 StartsAfterEnd Mod747,Mod747,StartsAfterEnd
Mod433,Mod433 StartsAfterEnd Mod435,Mod435,StartsAfterEnd
Mod780,Mod780 StartsAfterEnd Mod560,Mod560,StartsAfterEnd
Mod626,Mod626 StartsAfterEnd Mod671,Mod671,StartsAfterEnd
Mod794,Mod794 StartsAfterEnd Mod547,Mod547,StartsAfterEnd
Mod487,Mod487 StartsAfterEnd Mod503,Mod503,StartsAfterEnd
Mod401,Mod401 StartsAfterEnd Mod391,Mod391,StartsAfterEnd
Mod495,Mod495 StartsAfterEnd Mod422,Mod422,StartsAfterEnd
Mod349,Mod349 StartsAfterEnd Mod855,Mod855,StartsAfterEnd
Mod690,Mod690 StartsAfterEnd Mod725,Mod725,StartsAfterEnd
Mod752,Mod752 StartsAfterEnd Mod706,Mod706,StartsAfterEnd
Mod451,Mod451 StartsAfterEnd Mod486,Mod486,StartsAfterEnd
Mod836,Mod836 StartsAfterEnd Mod841,Mod841,StartsAfterEnd
Mod739,Mod739 StartsAfterEnd Mod525,Mod525,StartsAfterEnd
Mod548,Mod548 StartsAfterEnd Mod788,Mod788,StartsAfterEnd
Mod876,Mod876 StartsAfterEnd Mod874,Mod874,StartsAfterEnd
Mod531,Mod531 StartsAfterEnd Mod653,Mod653,StartsAfterEnd
Mod923,Mod923 StartsAfterEnd Mod362,Mod362,StartsAfterEnd
Mod788,Mod788 StartsAfterEnd Mod783,Mod783,StartsAfterEnd
Mod913,Mod913 StartsAfterEnd Mod936,Mod936,StartsAfterEnd
Mod574,Mod574 StartsAfterEnd Mod923,Mod923,StartsAfterEnd
Mod574,Mod574 StartsAfterEnd Mod352,Mod352,StartsAfterEnd
Mod579,Mod579 StartsAfterEnd Mod609,Mod609,StartsAfterEnd
Mod531,Mod531 StartsAfterEnd Mod758,Mod758,StartsAfterEnd
Mod648,Mod648 StartsAfterEnd Mod671,Mod671,StartsAfterEnd
Mod531,Mod531 StartsAfterEnd Mod622,Mod622,StartsAfterEnd
Mod531,Mod531 StartsAfterEnd Mod739,Mod739,StartsAfterEnd
Mod492,Mod492 StartsAfterEnd Mod458,Mod458,StartsAfterEnd
Mod499,Mod499 StartsAfterEnd Mod475,Mod475,StartsAfterEnd
Mod398,Mod398 StartsAfterEnd Mod376,Mod376,StartsAfterEnd
Mod531,Mod531 StartsAfterEnd Mod690,Mod690,StartsAfterEnd
Mod393,Mod393 StartsAfterEnd Mod757,Mod757,StartsAfterEnd
Mod463,Mod463 StartsAfterEnd Mod479,Mod479,StartsAfterEnd
Mod361,Mod361 StartsAfterEnd Mod368,Mod368,StartsAfterEnd
Mod722,Mod722 StartsAfterEnd Mod701,Mod701,StartsAfterEnd
Mod531,Mod531 StartsAfterEnd Mod632,Mod632,StartsAfterEnd
Mod492,Mod492 StartsAfterEnd Mod514,Mod514,StartsAfterEnd
Mod780,Mod780 StartsAfterEnd Mod568,Mod568,StartsAfterEnd
Mod954,Mod954 StartsAfterEnd Mod953,Mod953,StartsAfterEnd
Mod338,Mod338 StartsAfterEnd Mod671,Mod671,StartsAfterEnd
Mod567,Mod567 StartsAfterEnd Mod923,Mod923,StartsAfterEnd
Mod354,Mod354 StartsAfterEnd Mod921,Mod921,StartsAfterEnd
Mod825,Mod825 StartsAfterEnd Mod760,Mod760,StartsAfterEnd
Mod393,Mod393 StartsAfterEnd Mod394,Mod394,StartsAfterEnd
Mod391,Mod391 StartsAfterEnd Mod400,Mod400,StartsAfterEnd
Mod618,Mod618 StartsAfterEnd Mod405,Mod405,StartsAfterEnd
Mod721,Mod721 StartsAfterEnd Mod706,Mod706,StartsAfterEnd
Mod615,Mod615 StartsAfterEnd Mod590,Mod590,StartsAfterEnd
Mod957,Mod957 StartsAfterEnd Mod953,Mod953,StartsAfterEnd
Mod902,Mod902 StartsAfterEnd Mod905,Mod905,StartsAfterEnd
Mod560,Mod560 StartsAfterEnd Mod923,Mod923,StartsAfterEnd
Mod531,Mod531 StartsAfterEnd Mod625,Mod625,StartsAfterEnd
Mod360,Mod360 StartsAfterEnd Mod916,Mod916,StartsAfterEnd
Mod567,Mod567 StartsAfterEnd Mod352,Mod352,StartsAfterEnd
Mod930,Mod930 StartsAfterEnd Mod945,Mod945,StartsAfterEnd
Mod407,Mod407 StartsAfterEnd Mod494,Mod494,StartsAfterEnd
Mod873,Mod873 StartsAfterEnd Mod937,Mod937,StartsAfterEnd
Mod430,Mod430 StartsAfterEnd Mod472,Mod472,StartsAfterEnd
Mod642,Mod642 StartsAfterEnd Mod764,Mod764,StartsAfterEnd
Mod780,Mod780 StartsAfterEnd Mod561,Mod561,StartsAfterEnd
Mod731,Mod731 StartsAfterEnd Mod525,Mod525,StartsAfterEnd
Mod364,Mod364 StartsAfterEnd Mod756,Mod756,StartsAfterEnd
Mod945,Mod945 StartsAfterEnd Mod922,Mod922,StartsAfterEnd
Mod573,Mod573 StartsAfterEnd Mod571,Mod571,StartsAfterEnd
Mod945,Mod945 StartsAfterEnd Mod936,Mod936,StartsAfterEnd
Mod435,Mod435 StartsAfterEnd Mod472,Mod472,StartsAfterEnd
Mod548,Mod548 StartsAfterEnd Mod789,Mod789,StartsAfterEnd
Mod862,Mod862 StartsAfterEnd Mod929,Mod929,StartsAfterEnd
Mod931,Mod931 StartsAfterEnd Mod881,Mod881,StartsAfterEnd
Mod355,Mod355 StartsAfterEnd Mod855,Mod855,StartsAfterEnd
Mod788,Mod788 StartsAfterEnd Mod354,Mod354,StartsAfterEnd
Mod355,Mod355 StartsAfterEnd Mod916,Mod916,StartsAfterEnd
Mod431,Mod431 StartsAfterEnd Mod489,Mod489,StartsAfterEnd
Mod780,Mod780 StartsAfterEnd Mod352,Mod352,StartsAfterEnd
Mod832,Mod832 StartsAfterEnd Mod671,Mod671,StartsAfterEnd
Mod664,Mod664 StartsAfterEnd Mod671,Mod671,StartsAfterEnd
Mod369,Mod369 StartsAfterEnd Mod349,Mod349,StartsAfterEnd
Mod531,Mod531 StartsAfterEnd Mod576,Mod576,StartsAfterEnd
Mod627,Mod627 StartsAfterEnd Mod671,Mod671,StartsAfterEnd
Mod524,Mod524 StartsAfterEnd Mod526,Mod526,StartsAfterEnd
Mod844,Mod844 StartsAfterEnd Mod836,Mod836,StartsAfterEnd
Mod840,Mod840 StartsAfterEnd Mod688,Mod688,StartsAfterEnd
Mod843,Mod843 StartsAfterEnd Mod671,Mod671,StartsAfterEnd
Mod553,Mod553 StartsAfterEnd Mod760,Mod760,StartsAfterEnd
Mod487,Mod487 StartsAfterEnd Mod475,Mod475,StartsAfterEnd
Mod435,Mod435 StartsAfterEnd Mod499,Mod499,StartsAfterEnd
Mod771,Mod771 StartsAfterEnd Mod776,Mod776,StartsAfterEnd
Mod888,Mod888 StartsAfterEnd Mod891,Mod891,StartsAfterEnd
Mod362,Mod362 StartsAfterEnd Mod853,Mod853,StartsAfterEnd
Mod794,Mod794 StartsAfterEnd Mod832,Mod832,StartsAfterEnd
Mod339,Mod339 StartsAfterEnd Mod671,Mod671,StartsAfterEnd
Mod666,Mod666 StartsAfterEnd Mod671,Mod671,StartsAfterEnd
Mod715,Mod715 StartsAfterEnd Mod714,Mod714,StartsAfterEnd
Mod625,Mod625 StartsAfterEnd Mod607,Mod607,StartsAfterEnd
Mod391,Mod391 StartsAfterEnd Mod398,Mod398,StartsAfterEnd
Mod563,Mod563 StartsAfterEnd Mod921,Mod921,StartsAfterEnd
Mod346,Mod346 StartsAfterEnd Mod671,Mod671,StartsAfterEnd
Mod542,Mod542 StartsAfterEnd Mod543,Mod543,StartsAfterEnd
Mod853,Mod853 StartsAfterEnd Mod916,Mod916,StartsAfterEnd
Mod589,Mod589 StartsAfterEnd Mod586,Mod586,StartsAfterEnd
Mod780,Mod780 StartsAfterEnd Mod570,Mod570,StartsAfterEnd
Mod357,Mod357 StartsAfterEnd Mod854,Mod854,StartsAfterEnd
Mod749,Mod749 StartsAfterEnd Mod716,Mod716,StartsAfterEnd
Mod484,Mod484 StartsAfterEnd Mod491,Mod491,StartsAfterEnd
Mod641,Mod641 StartsAfterEnd Mod635,Mod635,StartsAfterEnd
Mod337,Mod337 StartsAfterEnd Mod671,Mod671,StartsAfterEnd
Mod725,Mod725 StartsAfterEnd Mod724,Mod724,StartsAfterEnd
Mod921,Mod921 StartsAfterEnd Mod363,Mod363,StartsAfterEnd
Mod548,Mod548 StartsAfterEnd Mod514,Mod514,StartsAfterEnd
Mod641,Mod641 StartsAfterEnd Mod765,Mod765,StartsAfterEnd
Mod954,Mod954 StartsAfterEnd Mod957,Mod957,StartsAfterEnd
Mod393,Mod393 StartsAfterEnd Mod756,Mod756,StartsAfterEnd
Mod544,Mod544 StartsAfterEnd Mod539,Mod539,StartsAfterEnd
Mod789,Mod789 StartsAfterEnd Mod861,Mod861,StartsAfterEnd
Mod892,Mod892 StartsAfterEnd Mod909,Mod909,StartsAfterEnd
Mod526,Mod526 StartsAfterEnd Mod840,Mod840,StartsAfterEnd
Mod531,Mod531 StartsAfterEnd Mod402,Mod402,StartsAfterEnd
Mod742,Mod742 StartsAfterEnd Mod723,Mod723,StartsAfterEnd
Mod780,Mod780 StartsAfterEnd Mod573,Mod573,StartsAfterEnd
Mod399,Mod399 StartsAfterEnd Mod376,Mod376,StartsAfterEnd
Mod725,Mod725 StartsAfterEnd Mod838,Mod838,StartsAfterEnd
Mod572,Mod572 StartsAfterEnd Mod923,Mod923,StartsAfterEnd
Mod389,Mod389 StartsAfterEnd Mod757,Mod757,StartsAfterEnd
Mod882,Mod882 StartsAfterEnd Mod932,Mod932,StartsAfterEnd
Mod418,Mod418 StartsAfterEnd Mod671,Mod671,StartsAfterEnd
Mod474,Mod474 StartsAfterEnd Mod476,Mod476,StartsAfterEnd
Mod492,Mod492 StartsAfterEnd Mod451,Mod451,StartsAfterEnd
Mod780,Mod780 StartsAfterEnd Mod785,Mod785,StartsAfterEnd
Mod794,Mod794 StartsAfterEnd Mod540,Mod540,StartsAfterEnd
Mod899,Mod899 StartsAfterEnd Mod908,Mod908,StartsAfterEnd
Mod414,Mod414 StartsAfterEnd Mod806,Mod806,StartsAfterEnd
Mod925,Mod925 StartsAfterEnd Mod869,Mod869,StartsAfterEnd
Mod707,Mod707 StartsAfterEnd Mod708,Mod708,StartsAfterEnd
Mod737,Mod737 StartsAfterEnd Mod688,Mod688,StartsAfterEnd
Mod525,Mod525 StartsAfterEnd Mod696,Mod696,StartsAfterEnd
Mod678,Mod678 StartsAfterEnd Mod524,Mod524,StartsAfterEnd
Mod349,Mod349 StartsAfterEnd Mod353,Mod353,StartsAfterEnd
Mod763,Mod763 StartsAfterEnd Mod760,Mod760,StartsAfterEnd
Mod747,Mod747 StartsAfterEnd Mod700,Mod700,StartsAfterEnd
Mod495,Mod495 StartsAfterEnd Mod518,Mod518,StartsAfterEnd
Mod433,Mod433 StartsAfterEnd Mod802,Mod802,StartsAfterEnd
Mod531,Mod531 StartsAfterEnd Mod506,Mod506,StartsAfterEnd
Mod663,Mod663 StartsAfterEnd Mod671,Mod671,StartsAfterEnd
Mod938,Mod938 StartsAfterEnd Mod912,Mod912,StartsAfterEnd
Mod780,Mod780 StartsAfterEnd Mod789,Mod789,StartsAfterEnd
Mod414,Mod414 StartsAfterEnd Mod492,Mod492,StartsAfterEnd
Mod656,Mod656 StartsAfterEnd Mod671,Mod671,StartsAfterEnd
Mod903,Mod903 StartsAfterEnd Mod906,Mod906,StartsAfterEnd
Mod836,Mod836 StartsAfterEnd Mod742,Mod742,StartsAfterEnd
Mod883,Mod883 StartsAfterEnd Mod913,Mod913,StartsAfterEnd
Mod771,Mod771 StartsAfterEnd Mod791,Mod791,StartsAfterEnd
Mod548,Mod548 StartsAfterEnd Mod588,Mod588,StartsAfterEnd
Mod882,Mod882 StartsAfterEnd Mod928,Mod928,StartsAfterEnd
Mod595,Mod595 StartsAfterEnd Mod825,Mod825,StartsAfterEnd
Mod516,Mod516 StartsAfterEnd Mod680,Mod680,StartsAfterEnd
Mod769,Mod769 StartsAfterEnd Mod701,Mod701,StartsAfterEnd
Mod713,Mod713 StartsAfterEnd Mod746,Mod746,StartsAfterEnd
Mod845,Mod845 StartsAfterEnd Mod838,Mod838,StartsAfterEnd
Mod564,Mod564 StartsAfterEnd Mod352,Mod352,StartsAfterEnd
Mod908,Mod908 StartsAfterEnd Mod882,Mod882,StartsAfterEnd
Mod631,Mod631 StartsAfterEnd Mod671,Mod671,StartsAfterEnd
Mod531,Mod531 StartsAfterEnd Mod558,Mod558,StartsAfterEnd
Mod872,Mod872 StartsAfterEnd Mod869,Mod869,StartsAfterEnd
Mod828,Mod828 StartsAfterEnd Mod760,Mod760,StartsAfterEnd
Mod503,Mod503 StartsAfterEnd Mod818,Mod818,StartsAfterEnd
Mod642,Mod642 StartsAfterEnd Mod769,Mod769,StartsAfterEnd
Mod932,Mod932 StartsAfterEnd Mod869,Mod869,StartsAfterEnd
Mod531,Mod531 StartsAfterEnd Mod554,Mod554,StartsAfterEnd
Mod480,Mod480 StartsAfterEnd Mod505,Mod505,StartsAfterEnd
Mod736,Mod736 StartsAfterEnd Mod682,Mod682,StartsAfterEnd
Mod439,Mod439 StartsAfterEnd Mod476,Mod476,StartsAfterEnd
Mod931,Mod931 StartsAfterEnd Mod883,Mod883,StartsAfterEnd
Mod677,Mod677 StartsAfterEnd Mod396,Mod396,StartsAfterEnd
Mod749,Mod749 StartsAfterEnd Mod713,Mod713,StartsAfterEnd
Mod937,Mod937 StartsAfterEnd Mod942,Mod942,StartsAfterEnd
Mod511,Mod511 StartsAfterEnd Mod476,Mod476,StartsAfterEnd
Mod492,Mod492 StartsAfterEnd Mod478,Mod478,StartsAfterEnd
Mod923,Mod923 StartsAfterEnd Mod368,Mod368,StartsAfterEnd
Mod881,Mod881 StartsAfterEnd Mod945,Mod945,StartsAfterEnd
Mod594,Mod594 StartsAfterEnd Mod605,Mod605,StartsAfterEnd
Mod661,Mod661 StartsAfterEnd Mod671,Mod671,StartsAfterEnd
Mod653,Mod653 StartsAfterEnd Mod671,Mod671,StartsAfterEnd
Mod748,Mod748 StartsAfterEnd Mod745,Mod745,StartsAfterEnd
Mod454,Mod454 StartsAfterEnd Mod492,Mod492,StartsAfterEnd
Mod895,Mod895 StartsAfterEnd Mod903,Mod903,StartsAfterEnd
Mod573,Mod573 StartsAfterEnd Mod559,Mod559,StartsAfterEnd
Mod578,Mod578 StartsAfterEnd Mod581,Mod581,StartsAfterEnd
Mod646,Mod646 StartsAfterEnd Mod671,Mod671,StartsAfterEnd
Mod454,Mod454 StartsAfterEnd Mod491,Mod491,StartsAfterEnd
Mod351,Mod351 StartsAfterEnd Mod363,Mod363,StartsAfterEnd
Mod892,Mod892 StartsAfterEnd Mod900,Mod900,StartsAfterEnd
Mod589,Mod589 StartsAfterEnd Mod580,Mod580,StartsAfterEnd
Mod630,Mod630 StartsAfterEnd Mod671,Mod671,StartsAfterEnd
Mod413,Mod413 StartsAfterEnd Mod492,Mod492,StartsAfterEnd
Mod780,Mod780 StartsAfterEnd Mod565,Mod565,StartsAfterEnd
Mod600,Mod600 StartsAfterEnd Mod592,Mod592,StartsAfterEnd
Mod615,Mod615 StartsAfterEnd Mod617,Mod617,StartsAfterEnd
Mod531,Mod531 StartsAfterEnd Mod613,Mod613,StartsAfterEnd
Mod868,Mod868 StartsAfterEnd Mod863,Mod863,StartsAfterEnd
Mod957,Mod957 StartsAfterEnd Mod950,Mod950,StartsAfterEnd
Mod577,Mod577 StartsAfterEnd Mod359,Mod359,StartsAfterEnd
Mod479,Mod479 StartsAfterEnd Mod500,Mod500,StartsAfterEnd
Mod643,Mod643 StartsAfterEnd Mod671,Mod671,StartsAfterEnd
Mod406,Mod406 StartsAfterEnd Mod760,Mod760,StartsAfterEnd
Mod837,Mod837 StartsAfterEnd Mod836,Mod836,StartsAfterEnd
Mod335,Mod335 StartsAfterEnd Mod760,Mod760,StartsAfterEnd
Mod881,Mod881 StartsAfterEnd Mod932,Mod932,StartsAfterEnd
Mod788,Mod788 StartsAfterEnd Mod921,Mod921,StartsAfterEnd
Mod368,Mod368 StartsAfterEnd Mod853,Mod853,StartsAfterEnd
Mod561,Mod561 StartsAfterEnd Mod923,Mod923,StartsAfterEnd
Mod641,Mod641 StartsAfterEnd Mod766,Mod766,StartsAfterEnd
Mod852,Mod852 StartsAfterEnd Mod916,Mod916,StartsAfterEnd
Mod940,Mod940 StartsAfterEnd Mod852,Mod852,StartsAfterEnd
Mod871,Mod871 StartsAfterEnd Mod868,Mod868,StartsAfterEnd
Mod364,Mod364 StartsAfterEnd Mod943,Mod943,StartsAfterEnd
Mod612,Mod612 StartsAfterEnd Mod593,Mod593,StartsAfterEnd
Mod364,Mod364 StartsAfterEnd Mod682,Mod682,StartsAfterEnd
Mod780,Mod780 StartsAfterEnd Mod571,Mod571,StartsAfterEnd
Mod929,Mod929 StartsAfterEnd Mod933,Mod933,StartsAfterEnd
Mod566,Mod566 StartsAfterEnd Mod352,Mod352,StartsAfterEnd
Mod489,Mod489 StartsAfterEnd Mod472,Mod472,StartsAfterEnd
Mod922,Mod922 StartsAfterEnd Mod858,Mod858,StartsAfterEnd
Mod440,Mod440 StartsAfterEnd Mod439,Mod439,StartsAfterEnd
Mod633,Mod633 StartsAfterEnd Mod671,Mod671,StartsAfterEnd
Mod846,Mod846 StartsAfterEnd Mod760,Mod760,StartsAfterEnd
Mod910,Mod910 StartsAfterEnd Mod881,Mod881,StartsAfterEnd
Mod869,Mod869 StartsAfterEnd Mod865,Mod865,StartsAfterEnd
Mod556,Mod556 StartsAfterEnd Mod671,Mod671,StartsAfterEnd
Mod710,Mod710 StartsAfterEnd Mod711,Mod711,StartsAfterEnd
Mod882,Mod882 StartsAfterEnd Mod945,Mod945,StartsAfterEnd
Mod945,Mod945 StartsAfterEnd Mod920,Mod920,StartsAfterEnd
Mod759,Mod759 StartsAfterEnd Mod671,Mod671,StartsAfterEnd
Mod571,Mod571 StartsAfterEnd Mod923,Mod923,StartsAfterEnd
Mod479,Mod479 StartsAfterEnd Mod412,Mod412,StartsAfterEnd
Mod571,Mod571 StartsAfterEnd Mod352,Mod352,StartsAfterEnd
Mod455,Mod455 StartsAfterEnd Mod456,Mod456,StartsAfterEnd
Mod780,Mod780 StartsAfterEnd Mod567,Mod567,StartsAfterEnd
Mod492,Mod492 StartsAfterEnd Mod507,Mod507,StartsAfterEnd
Mod531,Mod531 StartsAfterEnd Mod733,Mod733,StartsAfterEnd
Mod607,Mod607 StartsAfterEnd Mod825,Mod825,StartsAfterEnd
Mod341,Mod341 StartsAfterEnd Mod342,Mod342,StartsAfterEnd
Mod899,Mod899 StartsAfterEnd Mod395,Mod395,StartsAfterEnd
Mod351,Mod351 StartsAfterEnd Mod365,Mod365,StartsAfterEnd
Mod933,Mod933 StartsAfterEnd Mod861,Mod861,StartsAfterEnd
Mod353,Mod353 StartsAfterEnd Mod916,Mod916,StartsAfterEnd
Mod446,Mod446 StartsAfterEnd Mod448,Mod448,StartsAfterEnd
Mod555,Mod555 StartsAfterEnd Mod671,Mod671,StartsAfterEnd
Mod502,Mod502 StartsAfterEnd Mod816,Mod816,StartsAfterEnd
Mod956,Mod956 StartsAfterEnd Mod954,Mod954,StartsAfterEnd
Mod559,Mod559 StartsAfterEnd Mod571,Mod571,StartsAfterEnd
Mod789,Mod789 StartsAfterEnd Mod923,Mod923,StartsAfterEnd
Mod620,Mod620 StartsAfterEnd Mod671,Mod671,StartsAfterEnd
Mod531,Mod531 StartsAfterEnd Mod548,Mod548,StartsAfterEnd
Mod380,Mod380 StartsAfterEnd Mod379,Mod379,StartsAfterEnd
Mod734,Mod734 StartsAfterEnd Mod626,Mod626,StartsAfterEnd
Mod891,Mod891 StartsAfterEnd Mod899,Mod899,StartsAfterEnd
Mod582,Mod582 StartsAfterEnd Mod604,Mod604,StartsAfterEnd
Mod531,Mod531 StartsAfterEnd Mod528,Mod528,StartsAfterEnd
Mod447,Mod447 StartsAfterEnd Mod450,Mod450,StartsAfterEnd
Mod769,Mod769 StartsAfterEnd Mod764,Mod764,StartsAfterEnd
Mod429,Mod429 StartsAfterEnd Mod511,Mod511,StartsAfterEnd
Mod531,Mod531 StartsAfterEnd Mod794,Mod794,StartsAfterEnd
Mod454,Mod454 StartsAfterEnd Mod486,Mod486,StartsAfterEnd
Mod349,Mod349 StartsAfterEnd Mod355,Mod355,StartsAfterEnd
Mod516,Mod516 StartsAfterEnd Mod679,Mod679,StartsAfterEnd
Mod430,Mod430 StartsAfterEnd Mod511,Mod511,StartsAfterEnd
Mod919,Mod919 StartsAfterEnd Mod869,Mod869,StartsAfterEnd
Mod780,Mod780 StartsAfterEnd Mod566,Mod566,StartsAfterEnd
Mod915,Mod915 StartsAfterEnd Mod916,Mod916,StartsAfterEnd
Mod363,Mod363 StartsAfterEnd Mod854,Mod854,StartsAfterEnd
Mod491,Mod491 StartsAfterEnd Mod422,Mod422,StartsAfterEnd
Mod491,Mod491 StartsAfterEnd Mod420,Mod420,StartsAfterEnd
Mod642,Mod642 StartsAfterEnd Mod701,Mod701,StartsAfterEnd
Mod466,Mod466 StartsAfterEnd Mod479,Mod479,StartsAfterEnd
Mod794,Mod794 StartsAfterEnd Mod546,Mod546,StartsAfterEnd
Mod516,Mod516 StartsAfterEnd Mod525,Mod525,StartsAfterEnd
Mod491,Mod491 StartsAfterEnd Mod424,Mod424,StartsAfterEnd
Mod788,Mod788 StartsAfterEnd Mod364,Mod364,StartsAfterEnd
Mod597,Mod597 StartsAfterEnd Mod607,Mod607,StartsAfterEnd
Mod391,Mod391 StartsAfterEnd Mod702,Mod702,StartsAfterEnd
Mod624,Mod624 StartsAfterEnd Mod607,Mod607,StartsAfterEnd
Mod787,Mod787 StartsAfterEnd Mod791,Mod791,StartsAfterEnd
Mod364,Mod364 StartsAfterEnd Mod369,Mod369,StartsAfterEnd
Mod439,Mod439 StartsAfterEnd Mod798,Mod798,StartsAfterEnd
Mod931,Mod931 StartsAfterEnd Mod882,Mod882,StartsAfterEnd
Mod883,Mod883 StartsAfterEnd Mod930,Mod930,StartsAfterEnd
Mod725,Mod725 StartsAfterEnd Mod741,Mod741,StartsAfterEnd
Mod386,Mod386 StartsAfterEnd Mod387,Mod387,StartsAfterEnd
Mod439,Mod439 StartsAfterEnd Mod499,Mod499,StartsAfterEnd
Mod940,Mod940 StartsAfterEnd Mod916,Mod916,StartsAfterEnd
Mod495,Mod495 StartsAfterEnd Mod494,Mod494,StartsAfterEnd
Mod586,Mod586 StartsAfterEnd Mod587,Mod587,StartsAfterEnd
Mod491,Mod491 StartsAfterEnd Mod419,Mod419,StartsAfterEnd
Mod447,Mod447 StartsAfterEnd Mod442,Mod442,StartsAfterEnd
Mod671,Mod671 StartsAfterEnd Mod756,Mod756,StartsAfterEnd
Mod639,Mod639 StartsAfterEnd Mod671,Mod671,StartsAfterEnd
Mod751,Mod751 StartsAfterEnd Mod723,Mod723,StartsAfterEnd
Mod604,Mod604 StartsAfterEnd Mod606,Mod606,StartsAfterEnd
Mod365,Mod365 StartsAfterEnd Mod854,Mod854,StartsAfterEnd
Mod548,Mod548 StartsAfterEnd Mod516,Mod516,StartsAfterEnd
Mod573,Mod573 StartsAfterEnd Mod352,Mod352,StartsAfterEnd
Mod860,Mod860 StartsAfterEnd Mod854,Mod854,StartsAfterEnd
Mod392,Mod392 StartsAfterEnd Mod398,Mod398,StartsAfterEnd
Mod889,Mod889 StartsAfterEnd Mod373,Mod373,StartsAfterEnd
Mod881,Mod881 StartsAfterEnd Mod847,Mod847,StartsAfterEnd
Mod573,Mod573 StartsAfterEnd Mod923,Mod923,StartsAfterEnd
Mod788,Mod788 StartsAfterEnd Mod365,Mod365,StartsAfterEnd
Mod450,Mod450 StartsAfterEnd Mod442,Mod442,StartsAfterEnd
Mod371,Mod371 StartsAfterEnd Mod401,Mod401,StartsAfterEnd
Mod788,Mod788 StartsAfterEnd Mod356,Mod356,StartsAfterEnd
Mod882,Mod882 StartsAfterEnd Mod847,Mod847,StartsAfterEnd
Mod436,Mod436 StartsAfterEnd Mod489,Mod489,StartsAfterEnd
Mod739,Mod739 StartsAfterEnd Mod524,Mod524,StartsAfterEnd
Mod721,Mod721 StartsAfterEnd Mod744,Mod744,StartsAfterEnd
Mod564,Mod564 StartsAfterEnd Mod923,Mod923,StartsAfterEnd
Mod882,Mod882 StartsAfterEnd Mod925,Mod925,StartsAfterEnd
Mod531,Mod531 StartsAfterEnd Mod550,Mod550,StartsAfterEnd
Mod716,Mod716 StartsAfterEnd Mod746,Mod746,StartsAfterEnd
Mod933,Mod933 StartsAfterEnd Mod860,Mod860,StartsAfterEnd
Mod850,Mod850 StartsAfterEnd Mod848,Mod848,StartsAfterEnd
Mod477,Mod477 StartsAfterEnd Mod488,Mod488,StartsAfterEnd
Mod386,Mod386 StartsAfterEnd Mod756,Mod756,StartsAfterEnd
Mod788,Mod788 StartsAfterEnd Mod562,Mod562,StartsAfterEnd
Mod524,Mod524 StartsAfterEnd Mod737,Mod737,StartsAfterEnd
Mod616,Mod616 StartsAfterEnd Mod617,Mod617,StartsAfterEnd
Mod881,Mod881 StartsAfterEnd Mod930,Mod930,StartsAfterEnd
Mod566,Mod566 StartsAfterEnd Mod923,Mod923,StartsAfterEnd
Mod434,Mod434 StartsAfterEnd Mod432,Mod432,StartsAfterEnd
Mod898,Mod898 StartsAfterEnd Mod911,Mod911,StartsAfterEnd
Mod915,Mod915 StartsAfterEnd Mod854,Mod854,StartsAfterEnd
Mod923,Mod923 StartsAfterEnd Mod853,Mod853,StartsAfterEnd
Mod836,Mod836 StartsAfterEnd Mod840,Mod840,StartsAfterEnd
Mod458,Mod458 StartsAfterEnd Mod484,Mod484,StartsAfterEnd
Mod859,Mod859 StartsAfterEnd Mod855,Mod855,StartsAfterEnd
Mod531,Mod531 StartsAfterEnd Mod634,Mod634,StartsAfterEnd
Mod947,Mod947 StartsAfterEnd Mod941,Mod941,StartsAfterEnd
Mod891,Mod891 StartsAfterEnd Mod908,Mod908,StartsAfterEnd
Mod548,Mod548 StartsAfterEnd Mod512,Mod512,StartsAfterEnd
Mod376,Mod376 StartsAfterEnd Mod375,Mod375,StartsAfterEnd
Mod842,Mod842 StartsAfterEnd Mod671,Mod671,StartsAfterEnd
Mod740,Mod740 StartsAfterEnd Mod838,Mod838,StartsAfterEnd
Mod377,Mod377 StartsAfterEnd Mod396,Mod396,StartsAfterEnd
Mod557,Mod557 StartsAfterEnd Mod671,Mod671,StartsAfterEnd
Mod441,Mod441 StartsAfterEnd Mod760,Mod760,StartsAfterEnd
Mod713,Mod713 StartsAfterEnd Mod722,Mod722,StartsAfterEnd
Mod716,Mod716 StartsAfterEnd Mod722,Mod722,StartsAfterEnd
Mod785,Mod785 StartsAfterEnd Mod789,Mod789,StartsAfterEnd
Mod587,Mod587 StartsAfterEnd Mod578,Mod578,StartsAfterEnd
Mod660,Mod660 StartsAfterEnd Mod671,Mod671,StartsAfterEnd
Mod363,Mod363 StartsAfterEnd Mod855,Mod855,StartsAfterEnd
Mod383,Mod383 StartsAfterEnd Mod512,Mod512,StartsAfterEnd
Mod575,Mod575 StartsAfterEnd Mod923,Mod923,StartsAfterEnd
Mod510,Mod510 StartsAfterEnd Mod472,Mod472,StartsAfterEnd
Mod349,Mod349 StartsAfterEnd Mod916,Mod916,StartsAfterEnd
Mod887,Mod887 StartsAfterEnd Mod898,Mod898,StartsAfterEnd
Mod495,Mod495 StartsAfterEnd Mod425,Mod425,StartsAfterEnd
Mod603,Mod603 StartsAfterEnd Mod579,Mod579,StartsAfterEnd
Mod446,Mod446 StartsAfterEnd Mod450,Mod450,StartsAfterEnd
Mod528,Mod528 StartsAfterEnd Mod931,Mod931,StartsAfterEnd
Mod358,Mod358 StartsAfterEnd Mod855,Mod855,StartsAfterEnd
Mod838,Mod838 StartsAfterEnd Mod837,Mod837,StartsAfterEnd
Mod698,Mod698 StartsAfterEnd Mod676,Mod676,StartsAfterEnd
Mod931,Mod931 StartsAfterEnd Mod926,Mod926,StartsAfterEnd
Mod602,Mod602 StartsAfterEnd Mod607,Mod607,StartsAfterEnd
Mod400,Mod400 StartsAfterEnd Mod380,Mod380,StartsAfterEnd
Mod637,Mod637 StartsAfterEnd Mod671,Mod671,StartsAfterEnd
Mod363,Mod363 StartsAfterEnd Mod916,Mod916,StartsAfterEnd
Mod454,Mod454 StartsAfterEnd Mod519,Mod519,StartsAfterEnd
Mod831,Mod831 StartsAfterEnd Mod760,Mod760,StartsAfterEnd
Mod365,Mod365 StartsAfterEnd Mod916,Mod916,StartsAfterEnd
Mod928,Mod928 StartsAfterEnd Mod869,Mod869,StartsAfterEnd
Mod859,Mod859 StartsAfterEnd Mod916,Mod916,StartsAfterEnd
Mod472,Mod472 StartsAfterEnd Mod471,Mod471,StartsAfterEnd
Mod559,Mod559 StartsAfterEnd Mod569,Mod569,StartsAfterEnd
Mod915,Mod915 StartsAfterEnd Mod855,Mod855,StartsAfterEnd
Mod707,Mod707 StartsAfterEnd Mod689,Mod689,StartsAfterEnd
Mod931,Mod931 StartsAfterEnd Mod911,Mod911,StartsAfterEnd
Mod794,Mod794 StartsAfterEnd Mod954,Mod954,StartsAfterEnd
Mod353,Mod353 StartsAfterEnd Mod855,Mod855,StartsAfterEnd
Mod548,Mod548 StartsAfterEnd Mod589,Mod589,StartsAfterEnd
Mod569,Mod569 StartsAfterEnd Mod923,Mod923,StartsAfterEnd
Mod475,Mod475 StartsAfterEnd Mod808,Mod808,StartsAfterEnd
Mod711,Mod711 StartsAfterEnd Mod712,Mod712,StartsAfterEnd
Mod370,Mod370 StartsAfterEnd Mod760,Mod760,StartsAfterEnd
Mod358,Mod358 StartsAfterEnd Mod916,Mod916,StartsAfterEnd
Mod635,Mod635 StartsAfterEnd Mod671,Mod671,StartsAfterEnd
Mod391,Mod391 StartsAfterEnd Mod397,Mod397,StartsAfterEnd
Mod472,Mod472 StartsAfterEnd Mod822,Mod822,StartsAfterEnd
Mod788,Mod788 StartsAfterEnd Mod563,Mod563,StartsAfterEnd
Mod914,Mod914 StartsAfterEnd Mod882,Mod882,StartsAfterEnd
Mod913,Mod913 StartsAfterEnd Mod922,Mod922,StartsAfterEnd
Mod364,Mod364 StartsAfterEnd Mod858,Mod858,StartsAfterEnd
Mod347,Mod347 StartsAfterEnd Mod671,Mod671,StartsAfterEnd
Mod794,Mod794 StartsAfterEnd Mod541,Mod541,StartsAfterEnd
Mod618,Mod618 StartsAfterEnd Mod617,Mod617,StartsAfterEnd
Mod775,Mod775 StartsAfterEnd Mod788,Mod788,StartsAfterEnd
Mod392,Mod392 StartsAfterEnd Mod397,Mod397,StartsAfterEnd
Mod403,Mod403 StartsAfterEnd Mod404,Mod404,StartsAfterEnd
Mod357,Mod357 StartsAfterEnd Mod855,Mod855,StartsAfterEnd
Mod913,Mod913 StartsAfterEnd Mod870,Mod870,StartsAfterEnd
Mod349,Mod349 StartsAfterEnd Mod358,Mod358,StartsAfterEnd
Mod454,Mod454 StartsAfterEnd Mod478,Mod478,StartsAfterEnd
Mod779,Mod779 StartsAfterEnd Mod607,Mod607,StartsAfterEnd
Mod636,Mod636 StartsAfterEnd Mod671,Mod671,StartsAfterEnd
Mod668,Mod668 StartsAfterEnd Mod671,Mod671,StartsAfterEnd
Mod523,Mod523 StartsAfterEnd Mod527,Mod527,StartsAfterEnd
Mod406,Mod406 StartsAfterEnd Mod795,Mod795,StartsAfterEnd
Mod589,Mod589 StartsAfterEnd Mod591,Mod591,StartsAfterEnd
Mod551,Mod551 StartsAfterEnd Mod760,Mod760,StartsAfterEnd
Mod882,Mod882 StartsAfterEnd Mod913,Mod913,StartsAfterEnd
Mod947,Mod947 StartsAfterEnd Mod939,Mod939,StartsAfterEnd
Mod674,Mod674 StartsAfterEnd Mod760,Mod760,StartsAfterEnd
Mod776,Mod776 StartsAfterEnd Mod791,Mod791,StartsAfterEnd
Mod706,Mod706 StartsAfterEnd Mod707,Mod707,StartsAfterEnd
Mod673,Mod673 StartsAfterEnd Mod671,Mod671,StartsAfterEnd
Mod946,Mod946 StartsAfterEnd Mod877,Mod877,StartsAfterEnd
Mod835,Mod835 StartsAfterEnd Mod843,Mod843,StartsAfterEnd
Mod740,Mod740 StartsAfterEnd Mod725,Mod725,StartsAfterEnd
Mod510,Mod510 StartsAfterEnd Mod511,Mod511,StartsAfterEnd
Mod771,Mod771 StartsAfterEnd Mod787,Mod787,StartsAfterEnd
Mod752,Mod752 StartsAfterEnd Mod710,Mod710,StartsAfterEnd
Mod570,Mod570 StartsAfterEnd Mod923,Mod923,StartsAfterEnd
Mod360,Mod360 StartsAfterEnd Mod855,Mod855,StartsAfterEnd
Mod562,Mod562 StartsAfterEnd Mod921,Mod921,StartsAfterEnd
Mod931,Mod931 StartsAfterEnd Mod938,Mod938,StartsAfterEnd
Mod509,Mod509 StartsAfterEnd Mod428,Mod428,StartsAfterEnd
Mod445,Mod445 StartsAfterEnd Mod491,Mod491,StartsAfterEnd
Mod531,Mod531 StartsAfterEnd Mod656,Mod656,StartsAfterEnd
Mod352,Mod352 StartsAfterEnd Mod923,Mod923,StartsAfterEnd
Mod780,Mod780 StartsAfterEnd Mod572,Mod572,StartsAfterEnd
Mod519,Mod519 StartsAfterEnd Mod478,Mod478,StartsAfterEnd
Mod642,Mod642 StartsAfterEnd Mod635,Mod635,StartsAfterEnd
Mod559,Mod559 StartsAfterEnd Mod352,Mod352,StartsAfterEnd
Mod906,Mod906 StartsAfterEnd Mod940,Mod940,StartsAfterEnd
Mod478,Mod478 StartsAfterEnd Mod490,Mod490,StartsAfterEnd
Mod827,Mod827 StartsAfterEnd Mod760,Mod760,StartsAfterEnd
Mod922,Mod922 StartsAfterEnd Mod943,Mod943,StartsAfterEnd
Mod951,Mod951 StartsAfterEnd Mod957,Mod957,StartsAfterEnd
Mod530,Mod530 StartsAfterEnd Mod529,Mod529,StartsAfterEnd
Mod716,Mod716 StartsAfterEnd Mod747,Mod747,StartsAfterEnd
Mod697,Mod697 StartsAfterEnd Mod677,Mod677,StartsAfterEnd
Mod491,Mod491 StartsAfterEnd Mod498,Mod498,StartsAfterEnd
Mod531,Mod531 StartsAfterEnd Mod665,Mod665,StartsAfterEnd
Mod931,Mod931 StartsAfterEnd Mod885,Mod885,StartsAfterEnd
Mod897,Mod897 StartsAfterEnd Mod911,Mod911,StartsAfterEnd
Mod573,Mod573 StartsAfterEnd Mod569,Mod569,StartsAfterEnd
Mod342,Mod342 StartsAfterEnd Mod671,Mod671,StartsAfterEnd
Mod945,Mod945 StartsAfterEnd Mod870,Mod870,StartsAfterEnd
Mod344,Mod344 StartsAfterEnd Mod671,Mod671,StartsAfterEnd
Mod349,Mod349 StartsAfterEnd Mod357,Mod357,StartsAfterEnd
Mod780,Mod780 StartsAfterEnd Mod830,Mod830,StartsAfterEnd
Mod391,Mod391 StartsAfterEnd Mod399,Mod399,StartsAfterEnd
Mod531,Mod531 StartsAfterEnd Mod846,Mod846,StartsAfterEnd
Mod924,Mod924 StartsAfterEnd Mod911,Mod911,StartsAfterEnd
Mod755,Mod755 StartsAfterEnd Mod760,Mod760,StartsAfterEnd
Mod489,Mod489 StartsAfterEnd Mod476,Mod476,StartsAfterEnd
Mod723,Mod723 StartsAfterEnd Mod719,Mod719,StartsAfterEnd
Mod738,Mod738 StartsAfterEnd Mod735,Mod735,StartsAfterEnd
Mod349,Mod349 StartsAfterEnd Mod854,Mod854,StartsAfterEnd
Mod881,Mod881 StartsAfterEnd Mod913,Mod913,StartsAfterEnd
Mod495,Mod495 StartsAfterEnd Mod424,Mod424,StartsAfterEnd
Mod531,Mod531 StartsAfterEnd Mod770,Mod770,StartsAfterEnd
Mod568,Mod568 StartsAfterEnd Mod352,Mod352,StartsAfterEnd
Mod496,Mod496 StartsAfterEnd Mod671,Mod671,StartsAfterEnd
Mod642,Mod642 StartsAfterEnd Mod767,Mod767,StartsAfterEnd
Mod572,Mod572 StartsAfterEnd Mod352,Mod352,StartsAfterEnd
Mod786,Mod786 StartsAfterEnd Mod779,Mod779,StartsAfterEnd
Mod609,Mod609 StartsAfterEnd Mod594,Mod594,StartsAfterEnd
Mod689,Mod689 StartsAfterEnd Mod682,Mod682,StartsAfterEnd
Mod712,Mod712 StartsAfterEnd Mod717,Mod717,StartsAfterEnd
Mod641,Mod641 StartsAfterEnd Mod671,Mod671,StartsAfterEnd
Mod780,Mod780 StartsAfterEnd Mod923,Mod923,StartsAfterEnd
Mod708,Mod708 StartsAfterEnd Mod714,Mod714,StartsAfterEnd
Mod531,Mod531 StartsAfterEnd Mod406,Mod406,StartsAfterEnd
Mod506,Mod506 StartsAfterEnd Mod480,Mod480,StartsAfterEnd
Mod954,Mod954 StartsAfterEnd Mod950,Mod950,StartsAfterEnd
Mod671,Mod671 StartsAfterEnd Mod757,Mod757,StartsAfterEnd
Mod918,Mod918 StartsAfterEnd Mod931,Mod931,StartsAfterEnd
Mod491,Mod491 StartsAfterEnd Mod421,Mod421,StartsAfterEnd
Mod690,Mod690 StartsAfterEnd Mod732,Mod732,StartsAfterEnd
Mod589,Mod589 StartsAfterEnd Mod583,Mod583,StartsAfterEnd
Mod491,Mod491 StartsAfterEnd Mod425,Mod425,StartsAfterEnd
Mod768,Mod768 StartsAfterEnd Mod765,Mod765,StartsAfterEnd
Mod576,Mod576 StartsAfterEnd Mod760,Mod760,StartsAfterEnd
Mod641,Mod641 StartsAfterEnd Mod768,Mod768,StartsAfterEnd
Mod894,Mod894 StartsAfterEnd Mod902,Mod902,StartsAfterEnd
Mod629,Mod629 StartsAfterEnd Mod671,Mod671,StartsAfterEnd
Mod932,Mod932 StartsAfterEnd Mod868,Mod868,StartsAfterEnd
Mod794,Mod794 StartsAfterEnd Mod951,Mod951,StartsAfterEnd
Mod516,Mod516 StartsAfterEnd Mod491,Mod491,StartsAfterEnd
Mod855,Mod855 StartsAfterEnd Mod916,Mod916,StartsAfterEnd
Mod358,Mod358 StartsAfterEnd Mod854,Mod854,StartsAfterEnd
Mod560,Mod560 StartsAfterEnd Mod352,Mod352,StartsAfterEnd
Mod676,Mod676 StartsAfterEnd Mod395,Mod395,StartsAfterEnd
Mod725,Mod725 StartsAfterEnd Mod845,Mod845,StartsAfterEnd
Mod375,Mod375 StartsAfterEnd Mod377,Mod377,StartsAfterEnd
Mod548,Mod548 StartsAfterEnd Mod947,Mod947,StartsAfterEnd
Mod520,Mod520 StartsAfterEnd Mod508,Mod508,StartsAfterEnd
Mod474,Mod474 StartsAfterEnd Mod499,Mod499,StartsAfterEnd
Mod919,Mod919 StartsAfterEnd Mod915,Mod915,StartsAfterEnd
Mod641,Mod641 StartsAfterEnd Mod700,Mod700,StartsAfterEnd
Mod360,Mod360 StartsAfterEnd Mod854,Mod854,StartsAfterEnd
Mod596,Mod596 StartsAfterEnd Mod607,Mod607,StartsAfterEnd
Mod938,Mod938 StartsAfterEnd Mod947,Mod947,StartsAfterEnd
Mod854,Mod854 StartsAfterEnd Mod916,Mod916,StartsAfterEnd
Mod718,Mod718 StartsAfterEnd Mod717,Mod717,StartsAfterEnd
Mod437,Mod437 StartsAfterEnd Mod796,Mod796,StartsAfterEnd
Mod859,Mod859 StartsAfterEnd Mod854,Mod854,StartsAfterEnd
Mod548,Mod548 StartsAfterEnd Mod593,Mod593,StartsAfterEnd
Mod642,Mod642 StartsAfterEnd Mod671,Mod671,StartsAfterEnd
Mod888,Mod888 StartsAfterEnd Mod372,Mod372,StartsAfterEnd
Mod940,Mod940 StartsAfterEnd Mod853,Mod853,StartsAfterEnd
Mod545,Mod545 StartsAfterEnd Mod543,Mod543,StartsAfterEnd
Mod841,Mod841 StartsAfterEnd Mod688,Mod688,StartsAfterEnd
Mod621,Mod621 StartsAfterEnd Mod671,Mod671,StartsAfterEnd
Mod882,Mod882 StartsAfterEnd Mod930,Mod930,StartsAfterEnd
Mod780,Mod780 StartsAfterEnd Mod574,Mod574,StartsAfterEnd
Mod429,Mod429 StartsAfterEnd Mod476,Mod476,StartsAfterEnd
Mod450,Mod450 StartsAfterEnd Mod448,Mod448,StartsAfterEnd
Mod589,Mod589 StartsAfterEnd Mod585,Mod585,StartsAfterEnd
Mod782,Mod782 StartsAfterEnd Mod771,Mod771,StartsAfterEnd
Mod924,Mod924 StartsAfterEnd Mod946,Mod946,StartsAfterEnd
Mod920,Mod920 StartsAfterEnd Mod869,Mod869,StartsAfterEnd
Mod476,Mod476 StartsAfterEnd Mod475,Mod475,StartsAfterEnd
Mod955,Mod955 StartsAfterEnd Mod954,Mod954,StartsAfterEnd
Mod794,Mod794 StartsAfterEnd Mod955,Mod955,StartsAfterEnd
Mod939,Mod939 StartsAfterEnd Mod941,Mod941,StartsAfterEnd
Mod720,Mod720 StartsAfterEnd Mod710,Mod710,StartsAfterEnd
Mod492,Mod492 StartsAfterEnd Mod512,Mod512,StartsAfterEnd
Mod345,Mod345 StartsAfterEnd Mod671,Mod671,StartsAfterEnd
Mod725,Mod725 StartsAfterEnd Mod753,Mod753,StartsAfterEnd
Mod516,Mod516 StartsAfterEnd Mod404,Mod404,StartsAfterEnd
Mod780,Mod780 StartsAfterEnd Mod575,Mod575,StartsAfterEnd
Mod548,Mod548 StartsAfterEnd Mod448,Mod448,StartsAfterEnd
Mod911,Mod911 StartsAfterEnd Mod877,Mod877,StartsAfterEnd
Mod789,Mod789 StartsAfterEnd Mod352,Mod352,StartsAfterEnd
Mod499,Mod499 StartsAfterEnd Mod472,Mod472,StartsAfterEnd
Mod644,Mod644 StartsAfterEnd Mod671,Mod671,StartsAfterEnd
Mod447,Mod447 StartsAfterEnd Mod448,Mod448,StartsAfterEnd
Mod365,Mod365 StartsAfterEnd Mod855,Mod855,StartsAfterEnd
Mod570,Mod570 StartsAfterEnd Mod352,Mod352,StartsAfterEnd
Mod588,Mod588 StartsAfterEnd Mod581,Mod581,StartsAfterEnd
Mod645,Mod645 StartsAfterEnd Mod671,Mod671,StartsAfterEnd
Mod435,Mod435 StartsAfterEnd Mod804,Mod804,StartsAfterEnd
Mod402,Mod402 StartsAfterEnd Mod760,Mod760,StartsAfterEnd
Mod889,Mod889 StartsAfterEnd Mod892,Mod892,StartsAfterEnd
Mod920,Mod920 StartsAfterEnd Mod868,Mod868,StartsAfterEnd
Mod919,Mod919 StartsAfterEnd Mod868,Mod868,StartsAfterEnd
Mod640,Mod640 StartsAfterEnd Mod671,Mod671,StartsAfterEnd
Mod877,Mod877 StartsAfterEnd Mod914,Mod914,StartsAfterEnd
Mod575,Mod575 StartsAfterEnd Mod352,Mod352,StartsAfterEnd
Mod784,Mod784 StartsAfterEnd Mod789,Mod789,StartsAfterEnd
Mod726,Mod726 StartsAfterEnd Mod738,Mod738,StartsAfterEnd
Mod546,Mod546 StartsAfterEnd Mod544,Mod544,StartsAfterEnd
Mod438,Mod438 StartsAfterEnd Mod440,Mod440,StartsAfterEnd
Mod611,Mod611 StartsAfterEnd Mod359,Mod359,StartsAfterEnd
Mod667,Mod667 StartsAfterEnd Mod671,Mod671,StartsAfterEnd
Mod364,Mod364 StartsAfterEnd Mod757,Mod757,StartsAfterEnd
Mod552,Mod552 StartsAfterEnd Mod760,Mod760,StartsAfterEnd
Mod931,Mod931 StartsAfterEnd Mod946,Mod946,StartsAfterEnd
Mod524,Mod524 StartsAfterEnd Mod840,Mod840,StartsAfterEnd
Mod768,Mod768 StartsAfterEnd Mod700,Mod700,StartsAfterEnd
Mod599,Mod599 StartsAfterEnd Mod607,Mod607,StartsAfterEnd
Mod617,Mod617 StartsAfterEnd Mod671,Mod671,StartsAfterEnd
Mod487,Mod487 StartsAfterEnd Mod471,Mod471,StartsAfterEnd
Mod349,Mod349 StartsAfterEnd Mod829,Mod829,StartsAfterEnd
Mod364,Mod364 StartsAfterEnd Mod857,Mod857,StartsAfterEnd
Mod355,Mod355 StartsAfterEnd Mod854,Mod854,StartsAfterEnd
Mod951,Mod951 StartsAfterEnd Mod953,Mod953,StartsAfterEnd
Mod470,Mod470 StartsAfterEnd Mod499,Mod499,StartsAfterEnd
Mod364,Mod364 StartsAfterEnd Mod366,Mod366,StartsAfterEnd
Mod455,Mod455 StartsAfterEnd Mod457,Mod457,StartsAfterEnd
Mod737,Mod737 StartsAfterEnd Mod736,Mod736,StartsAfterEnd
Mod780,Mod780 StartsAfterEnd Mod569,Mod569,StartsAfterEnd
Mod724,Mod724 StartsAfterEnd Mod682,Mod682,StartsAfterEnd
Mod446,Mod446 StartsAfterEnd Mod442,Mod442,StartsAfterEnd
Mod499,Mod499 StartsAfterEnd Mod812,Mod812,StartsAfterEnd
Mod531,Mod531 StartsAfterEnd Mod659,Mod659,StartsAfterEnd
Mod956,Mod956 StartsAfterEnd Mod951,Mod951,StartsAfterEnd
Mod491,Mod491 StartsAfterEnd Mod496,Mod496,StartsAfterEnd
Mod942,Mod942 StartsAfterEnd Mod893,Mod893,StartsAfterEnd
Mod589,Mod589 StartsAfterEnd Mod584,Mod584,StartsAfterEnd
Mod524,Mod524 StartsAfterEnd Mod682,Mod682,StartsAfterEnd
Mod491,Mod491 StartsAfterEnd Mod415,Mod415,StartsAfterEnd
Mod403,Mod403 StartsAfterEnd Mod671,Mod671,StartsAfterEnd
Mod362,Mod362 StartsAfterEnd Mod368,Mod368,StartsAfterEnd
Mod492,Mod492 StartsAfterEnd Mod493,Mod493,StartsAfterEnd
Mod491,Mod491 StartsAfterEnd Mod504,Mod504,StartsAfterEnd
Mod357,Mod357 StartsAfterEnd Mod916,Mod916,StartsAfterEnd
Mod589,Mod589 StartsAfterEnd Mod595,Mod595,StartsAfterEnd
Mod911,Mod911 StartsAfterEnd Mod682,Mod682,StartsAfterEnd
Mod881,Mod881 StartsAfterEnd Mod925,Mod925,StartsAfterEnd
Mod427,Mod427 StartsAfterEnd Mod499,Mod499,StartsAfterEnd
Mod737,Mod737 StartsAfterEnd Mod748,Mod748,StartsAfterEnd
Mod495,Mod495 StartsAfterEnd Mod420,Mod420,StartsAfterEnd
Mod913,Mod913 StartsAfterEnd Mod920,Mod920,StartsAfterEnd
Mod392,Mod392 StartsAfterEnd Mod399,Mod399,StartsAfterEnd
Mod725,Mod725 StartsAfterEnd Mod739,Mod739,StartsAfterEnd
Mod432,Mod432 StartsAfterEnd Mod435,Mod435,StartsAfterEnd
Mod930,Mod930 StartsAfterEnd Mod913,Mod913,StartsAfterEnd
Mod427,Mod427 StartsAfterEnd Mod429,Mod429,StartsAfterEnd
Mod951,Mod951 StartsAfterEnd Mod950,Mod950,StartsAfterEnd
Mod524,Mod524 StartsAfterEnd Mod607,Mod607,StartsAfterEnd
Mod948,Mod948 StartsAfterEnd Mod760,Mod760,StartsAfterEnd
